userid,checkin_time,checkout_time,sp_lat,sp_lon,stay_duration,sp_week_day,cluster_label,cluster_lat,cluster_lon,speed_mean,speed_std,speed_max,acceleration_std,harsh_acceleration,harsh_breaking,harsh_steering,harsh_acceleration_ratio,harsh_breaking_ratio,harsh_steering_ratio,over_speed,over_speed_ratio,junction_over_speed,junction_speed_mean,fatigue_driving
20,2019-04-01 22:42:05,2019-04-02 19:09:30,22.570792,113.86387,0 days 20:27:25,1,1,22.57086720000001,113.8639100727273,8.202465352613972,4.06808499983886,14.717161454545172,0.3785301775792629,1,0,2,0.008130081300813,0.0,0.016260162601626,0,0.0,0.6666666666666666,7.647017541895683,0
20,2019-04-05 13:07:24,2019-04-05 21:31:50,22.569043,113.895008,0 days 08:24:26,4,0,22.56868187804879,113.8951422764228,7.718364728110741,5.194145175420919,19.34429144010496,0.4825600729237219,0,0,1,0.0,0.0,0.0081967213114754,0,0.0,0.0,0.0,0
20,2019-04-08 13:48:28,2019-04-08 14:08:58,22.564492,113.884255,0 days 00:20:30,0,-1,22.564492,113.884255,7.815078535124746,3.864479259015398,16.13024604091144,0.4876902284864061,0,1,2,0.0,0.0111111111111111,0.0222222222222222,0,0.0,0.0,0.0,0
20,2019-04-08 14:25:34,2019-04-08 22:50:48,22.569095,113.89498799999998,0 days 08:25:14,0,0,22.56868187804879,113.8951422764228,5.298506155915811,3.920287784550816,16.439390550289257,0.4040189625928339,0,1,3,0.0,0.0077519379844961,0.0232558139534883,0,0.0,0.0,4.201189386462867,0
20,2019-04-08 23:02:24,2019-04-09 08:18:38,22.57079,113.863823,0 days 09:16:14,1,1,22.57086720000001,113.8639100727273,8.439791109948493,4.712903250262783,19.688241682725195,0.4110239764537844,0,0,4,0.0,0.0,0.0327868852459016,0,0.0,0.5,8.724154957036092,0
20,2019-04-09 08:35:00,2019-04-09 18:56:59,22.56888,113.895137,0 days 10:21:59,1,0,22.56868187804879,113.8951422764228,7.999328131308039,4.960959996477676,19.46345009425191,0.5346938879192166,0,2,2,0.0,0.017094017094017,0.017094017094017,0,0.0,0.0,4.705038652058207,0
20,2019-04-10 08:56:06,2019-04-10 19:13:20,22.568858,113.895142,0 days 10:17:14,2,0,22.56868187804879,113.8951422764228,6.403373917674287,4.544659032041445,16.60939953622995,0.3945792797632751,0,0,6,0.0,0.0,0.0413793103448275,0,0.0,0.0,5.361292608473393,0
20,2019-04-10 19:33:59,2019-04-11 08:12:40,22.570957,113.864045,0 days 12:38:41,3,1,22.57086720000001,113.8639100727273,6.244259527144943,3.921628137668396,14.901893455783568,0.3037020046507253,0,0,3,0.0,0.0,0.01875,0,0.0,0.4,6.329972105366503,0
20,2019-04-11 12:08:13,2019-04-11 13:01:00,22.730848,114.272923,0 days 00:52:47,3,-1,22.730848,114.272923,10.008532793157856,6.4580803940405085,25.575472197276994,0.325519758145556,0,1,37,0.0,0.0005530973451327,0.0204646017699115,55,0.0304203539823008,0.3333333333333333,5.967097911080878,0
20,2019-04-11 18:07:33,2019-04-15 08:22:16,22.570932,113.863878,3 days 14:14:43,0,1,22.57086720000001,113.8639100727273,8.628253034629493,4.598866552978508,19.598380402684192,0.3150921454274285,0,0,2,0.0,0.0,0.0066889632107023,0,0.0,0.0,5.524129895679575,0
20,2019-04-15 08:52:46,2019-04-15 11:48:14,22.568888,113.895267,0 days 02:55:28,0,0,22.56868187804879,113.8951422764228,5.219795506703291,4.337050001491969,19.625945238886743,0.4350182937357227,1,2,5,0.0042194092827004,0.0084388185654008,0.0210970464135021,0,0.0,0.3333333333333333,6.028025789143783,0
20,2019-04-15 12:16:13,2019-04-15 16:15:39,22.546655,114.063903,0 days 03:59:26,0,-1,22.546655,114.063903,14.489565058520116,6.310190935819854,23.41064008987197,0.3200268722529124,0,2,6,0.0,0.0065359477124183,0.0196078431372549,7,0.022875816993464,0.0,2.23719772325227,0
20,2019-04-15 16:24:08,2019-04-15 17:44:01,22.545723,114.050008,0 days 01:19:53,0,-1,22.545723,114.050008,5.848068636627668,3.748687425925579,14.16417407972368,0.5190969625102826,0,0,4,0.0,0.0,0.0476190476190476,0,0.0,0.0,0.0,0
20,2019-04-15 18:52:59,2019-04-16 11:44:17,22.570593,113.863868,0 days 16:51:18,1,1,22.57086720000001,113.8639100727273,8.984665389055722,6.3253466497939845,21.48380468573532,0.3206564541171097,0,0,17,0.0,0.0,0.0302491103202846,0,0.0,0.0,4.108117548491515,0
20,2019-04-17 09:16:37,2019-04-17 10:23:33,22.644913,113.857112,0 days 01:06:56,2,2,22.64446116666667,113.85613316666668,9.09798571873618,5.19454748101019,18.28317137798887,0.4402917899015931,0,1,13,0.0,0.0043478260869565,0.0565217391304347,0,0.0,0.5,8.735671325893525,0
20,2019-04-17 10:48:53,2019-04-17 21:43:46,22.569062,113.894973,0 days 10:54:53,2,0,22.56868187804879,113.8951422764228,9.71609646080626,6.589204834066091,22.350605516096657,0.3502320681834895,0,0,3,0.0,0.0,0.0124481327800829,1,0.0041493775933609,0.75,9.19464128348652,0
20,2019-04-17 22:01:08,2019-04-18 13:35:11,22.570873,113.86397,0 days 15:34:03,3,1,22.57086720000001,113.8639100727273,6.591117517311587,4.023349449901468,19.06176643124067,0.417461792111492,1,1,2,0.0057803468208092,0.0057803468208092,0.0115606936416184,0,0.0,0.5,6.746431617270748,0
20,2019-04-18 13:53:21,2019-04-18 22:43:25,22.568947,113.895175,0 days 08:50:04,3,0,22.56868187804879,113.8951422764228,7.064816283855048,5.169461270647065,17.99893861181754,0.4885608929003694,0,1,4,0.0,0.0077519379844961,0.0310077519379844,0,0.0,0.3333333333333333,5.350006516548597,0
20,2019-04-22 13:00:04,2019-04-22 19:29:11,22.568855,113.895102,0 days 06:29:07,0,0,22.56868187804879,113.8951422764228,8.28822889863629,5.18399125403808,18.40901923655601,0.4744591917585363,0,1,4,0.0,0.0088495575221238,0.0353982300884955,0,0.0,0.7142857142857143,8.980431149117361,0
20,2019-04-23 08:46:05,2019-04-23 19:42:56,22.568988,113.89486200000002,0 days 10:56:51,1,0,22.56868187804879,113.8951422764228,5.531989999981301,4.141632911472644,17.627090457740458,0.4153976303123318,0,0,3,0.0,0.0,0.0168539325842696,0,0.0,0.0,4.446379126351334,0
20,2019-04-23 20:00:06,2019-04-24 09:34:39,22.570867,113.863918,0 days 13:34:33,2,1,22.57086720000001,113.8639100727273,6.286197814863692,4.393372131018573,18.189170805290026,0.3172207125059423,0,0,1,0.0,0.0,0.0056497175141242,0,0.0,0.25,4.378988070820447,0
20,2019-04-24 09:50:30,2019-04-24 11:42:44,22.569025,113.895063,0 days 01:52:14,2,0,22.56868187804879,113.8951422764228,7.001808146951093,4.98562345713121,20.60762563588792,0.465412705848403,0,0,3,0.0,0.0,0.0218978102189781,0,0.0,0.0,4.413023213605588,0
20,2019-04-24 16:23:00,2019-04-24 18:05:51,22.532917,114.063818,0 days 01:42:51,2,-1,22.532917,114.063818,11.465761940410331,6.690587359245862,26.56512436026307,0.2963361317349951,0,0,7,0.0,0.0,0.0173267326732673,16,0.0396039603960396,0.25,5.339753316673395,0
20,2019-04-25 11:45:44,2019-04-25 12:29:45,22.571017,113.864033,0 days 00:44:01,3,1,22.57086720000001,113.8639100727273,5.502182345018025,4.324216787795239,13.4267013775378,0.5169251903469153,0,1,2,0.0,0.0204081632653061,0.0408163265306122,0,0.0,0.5,7.028152185584,0
20,2019-04-25 15:32:33,2019-04-25 21:59:06,22.568802,113.895125,0 days 06:26:33,3,0,22.56868187804879,113.8951422764228,6.888205953889154,4.846182862471814,19.527737266731386,0.2586787527761865,0,0,10,0.0,0.0,0.0315457413249211,0,0.0,0.0,2.374170181737319,0
20,2019-04-25 22:11:30,2019-04-26 13:55:36,22.570892,113.863847,0 days 15:44:06,4,1,22.57086720000001,113.8639100727273,5.764710286583742,3.410045457073103,12.129595265551435,0.2906173790829502,0,0,0,0.0,0.0,0.0,0,0.0,0.0,1.1830584063019811,0
20,2019-04-26 14:16:41,2019-04-26 20:12:41,22.568967,113.894968,0 days 05:56:00,4,0,22.56868187804879,113.8951422764228,5.405068018226077,3.695598792604692,14.65231204591573,0.336836531978592,0,0,2,0.0,0.0,0.011049723756906,0,0.0,0.25,7.170318451949869,0
20,2019-04-26 20:28:23,2019-04-30 13:10:48,22.570855,113.86392,3 days 16:42:25,1,1,22.57086720000001,113.8639100727273,7.120145774776122,4.756872692619097,18.384440126111947,0.3699154989994385,0,1,2,0.0,0.0063694267515923,0.0127388535031847,0,0.0,0.8,9.464272188715068,0
20,2019-05-06 00:37:41,2019-05-06 08:24:43,22.570697,113.86393,0 days 07:47:02,0,1,22.57086720000001,113.8639100727273,7.993217874254265,4.287972804620202,21.9514349715619,0.4969767441473617,1,1,5,0.0084033613445378,0.0084033613445378,0.042016806722689,0,0.0,0.0,4.498006994829613,0
20,2019-05-06 18:25:04,2019-05-07 08:16:33,22.570968,113.863878,0 days 13:51:29,1,1,22.57086720000001,113.8639100727273,5.340768463264424,3.8408861680485087,15.555373968821549,0.3695118903357459,0,0,2,0.0,0.0,0.0112994350282485,0,0.0,0.375,6.7704085752616585,0
20,2019-05-08 22:54:52,2019-05-09 08:30:07,22.564927,113.901458,0 days 09:35:15,3,7,22.56458275,113.9028205,4.091979322283376,3.159461875099925,11.732324511116545,0.2369912382366913,0,0,1,0.0,0.0,0.0163934426229508,0,0.0,0.25,5.171850513496436,0
20,2019-05-10 22:00:10,2019-05-13 13:44:53,22.578523,113.86561,2 days 15:44:43,0,-1,22.578523,113.86561,8.055694012459913,5.339266083154578,17.02373849066719,0.2640377828367363,0,0,10,0.0,0.0,0.0373134328358208,0,0.0,0.0,3.362663798374722,0
20,2019-05-13 14:14:57,2019-05-14 12:50:56,22.566658,113.895608,0 days 22:35:59,1,0,22.56868187804879,113.8951422764228,5.868721448773333,4.042363426543537,17.56411218375621,0.3621023887992509,0,0,10,0.0,0.0,0.0526315789473684,0,0.0,0.2,5.060548163635974,0
20,2019-05-15 12:32:08,2019-05-16 12:22:15,22.56911,113.895063,0 days 23:50:07,3,0,22.56868187804879,113.8951422764228,7.125168379313294,4.867206579317288,17.856541561857718,0.3900878628164965,0,0,3,0.0,0.0,0.0223880597014925,0,0.0,0.0,4.2499939672127685,0
20,2019-05-16 12:34:26,2019-05-17 13:33:53,22.569167,113.89505,1 days 00:59:27,4,0,22.56868187804879,113.8951422764228,8.200485123779984,4.957054380021291,20.38688264327088,0.4291108726777324,0,0,1,0.0,0.0,0.0085470085470085,0,0.0,0.0,4.44117640538694,0
20,2019-05-17 20:10:02,2019-05-18 08:19:25,22.57088,113.863908,0 days 12:09:23,5,1,22.57086720000001,113.8639100727273,5.339747966963079,3.9786752340085862,18.772149736990727,0.3125141878422663,0,0,3,0.0,0.0,0.0144230769230769,0,0.0,0.0,3.745179374651057,0
20,2019-05-18 08:51:34,2019-05-18 09:11:50,22.643165,113.855508,0 days 00:20:16,5,2,22.64446116666667,113.85613316666668,7.192059803406546,5.336490568700481,17.506705204780694,0.384551074651636,0,1,17,0.0,0.0039215686274509,0.0666666666666666,0,0.0,0.4,6.810739111845711,0
20,2019-05-18 09:46:36,2019-05-18 15:21:56,22.57092,113.863812,0 days 05:35:20,5,1,22.57086720000001,113.8639100727273,6.508999139834412,4.768322113844589,17.275544574553738,0.2973030540357204,0,0,5,0.0,0.0,0.0151057401812688,0,0.0,0.0,6.331538275770425,0
20,2019-05-18 15:57:05,2019-05-18 17:16:49,22.6439,113.855467,0 days 01:19:44,5,2,22.64446116666667,113.85613316666668,8.008496990004359,4.448514684890584,17.407614470056465,0.354308918614873,0,1,17,0.0,0.0030959752321981,0.0526315789473684,0,0.0,0.25,8.20810789138771,0
20,2019-05-19 18:26:57,2019-05-20 08:29:08,22.570723,113.863802,0 days 14:02:11,0,1,22.57086720000001,113.8639100727273,9.210487825242932,5.672892464643389,21.592562262250475,0.3160918265531587,0,0,23,0.0,0.0,0.0216981132075471,0,0.0,0.3076923076923077,5.990060038193068,0
20,2019-05-20 08:47:59,2019-05-20 20:10:11,22.569027,113.89509,0 days 11:22:12,0,0,22.56868187804879,113.8951422764228,6.818580373046018,4.169382814369369,17.03080749056388,0.4174412784873869,0,0,1,0.0,0.0,0.0071428571428571,0,0.0,0.0,5.750344093987955,0
20,2019-05-20 20:27:04,2019-05-22 10:05:26,22.57093,113.863938,1 days 13:38:22,2,1,22.57086720000001,113.8639100727273,5.93137512927967,4.298982053030229,20.263870843267604,0.3801900841083118,0,0,5,0.0,0.0,0.031055900621118,0,0.0,0.0769230769230769,4.018706254252587,0
20,2019-05-22 10:21:52,2019-05-22 10:53:47,22.64484,113.857087,0 days 00:31:55,2,2,22.64446116666667,113.85613316666668,6.212854787235603,4.310561512691021,16.232323976756685,0.4193740829337631,1,0,12,0.0076923076923076,0.0,0.0923076923076923,0,0.0,0.0,5.860270494524867,0
20,2019-05-24 13:01:07,2019-05-24 16:34:35,22.514035,114.057697,0 days 03:33:28,4,-1,22.514035,114.057697,10.723432065228808,9.729846190985786,32.0622099579189,0.3022018779794096,0,0,13,0.0,0.0,0.0263157894736842,111,0.2246963562753036,0.0,8.040694329299708,0
20,2019-05-24 18:20:41,2019-05-25 08:25:37,22.568898,113.869033,0 days 14:04:56,5,9,22.5690272,113.8691344,5.327293281032505,3.32016562217594,11.579855990583928,0.3314624554735305,0,0,0,0.0,0.0,0.0,0,0.0,0.0,6.271244438210502,0
20,2019-05-25 08:38:50,2019-05-25 11:32:51,22.566775,113.895542,0 days 02:54:01,5,0,22.56868187804879,113.8951422764228,8.810754741265892,4.78730767328832,18.94605782231632,0.4625529257962434,0,0,0,0.0,0.0,0.0,0,0.0,0.3333333333333333,7.24495271386809,0
20,2019-05-25 12:18:47,2019-05-27 08:28:06,22.5709,113.863893,1 days 20:09:19,0,1,22.57086720000001,113.8639100727273,5.25405199126574,4.097412194242596,16.31399429521968,0.421085908906686,1,1,3,0.0049019607843137,0.0049019607843137,0.0147058823529411,0,0.0,0.0,3.877325810942436,0
20,2019-05-27 20:05:32,2019-05-28 08:32:26,22.570947,113.863915,0 days 12:26:54,1,1,22.57086720000001,113.8639100727273,5.11284742032757,4.098942977134634,16.685756122760036,0.29458299072229,0,0,3,0.0,0.0,0.0137614678899082,0,0.0,0.0,4.230876779371259,0
20,2019-05-28 08:52:15,2019-05-29 08:43:20,22.56917,113.894798,0 days 23:51:05,2,0,22.56868187804879,113.8951422764228,5.816753761902177,4.649371888490575,21.6445860260948,0.4338645217389759,0,0,1,0.0,0.0,0.0060975609756097,0,0.0,0.0,6.326412293604125,0
20,2019-05-29 09:00:48,2019-05-30 09:27:58,22.569068,113.895082,1 days 00:27:10,3,0,22.56868187804879,113.8951422764228,7.322658186981328,4.158770730617909,16.121449668586884,0.5211490252357865,0,0,3,0.0,0.0,0.0232558139534883,0,0.0,1.0,10.829380824287112,0
20,2019-06-04 19:43:24,2019-06-05 08:42:06,22.570878,113.86396,0 days 12:58:42,2,1,22.57086720000001,113.8639100727273,5.878217295015337,3.725483008921514,15.839957162079688,0.3576001288596238,0,0,3,0.0,0.0,0.0175438596491228,0,0.0,0.2,4.931575124202017,0
20,2019-06-05 18:08:31,2019-06-06 08:21:48,22.570813,113.863817,0 days 14:13:17,3,1,22.57086720000001,113.8639100727273,5.461024521215525,5.010577192131785,18.55038927520824,0.3470764719650492,1,1,1,0.0054347826086956,0.0054347826086956,0.0054347826086956,0,0.0,0.1111111111111111,4.334552328403904,0
20,2019-06-07 00:48:45,2019-06-07 08:57:23,22.570978,113.864045,0 days 08:08:38,4,1,22.57086720000001,113.8639100727273,7.144698999826344,3.204045239264173,13.116667890658084,0.2666942439463211,0,0,4,0.0,0.0,0.0294117647058823,0,0.0,0.0,1.8231732665893572,0
20,2019-06-07 09:42:28,2019-06-07 13:04:55,22.63169,114.028653,0 days 03:22:27,4,10,22.632015666666664,114.028529,11.851142128735097,5.736955601737357,20.430827156720145,0.2837524396027865,0,0,7,0.0,0.0,0.0164319248826291,0,0.0,0.0,6.094665913992929,0
20,2019-06-08 12:51:37,2019-06-08 13:36:51,22.571023,113.863975,0 days 00:45:14,5,1,22.57086720000001,113.8639100727273,8.058974844292742,4.092256233970092,17.607331118880758,0.376081620947514,0,0,4,0.0,0.0,0.0314960629921259,0,0.0,0.0,5.950639541139997,0
20,2019-06-08 13:46:20,2019-06-08 14:35:37,22.578217,113.865568,0 days 00:49:17,5,-1,22.578217,113.865568,7.22581048023559,3.9279298952122814,12.608221159387316,0.3774340981051696,0,0,1,0.0,0.0,0.02,0,0.0,0.0,0.0,0
20,2019-06-08 14:50:06,2019-06-10 09:40:16,22.569078,113.89511,1 days 18:50:10,0,0,22.56868187804879,113.8951422764228,8.797973815151046,5.179808370630551,18.620702012859173,0.5828308560701696,1,0,1,0.010752688172043,0.0,0.010752688172043,0,0.0,0.0,5.908751078122529,0
20,2019-06-11 19:48:17,2019-06-12 09:19:51,22.570422,113.863927,0 days 13:31:34,2,1,22.57086720000001,113.8639100727273,5.102201472205712,4.324868219733606,18.084789914542,0.3400943773469381,0,0,4,0.0,0.0,0.021505376344086,0,0.0,0.0,3.0648372832545374,0
20,2019-06-13 09:40:03,2019-06-14 09:29:27,22.568855,113.89513,0 days 23:49:24,4,0,22.56868187804879,113.8951422764228,6.652186352192394,4.620772820280759,18.545700711017137,0.4482207877147127,0,1,2,0.0,0.0070422535211267,0.0140845070422535,0,0.0,0.0,4.149843784352219,0
20,2019-06-14 10:34:03,2019-06-14 12:21:57,22.632255,114.028572,0 days 01:47:54,4,10,22.632015666666664,114.028529,8.91886810174008,6.462391945327465,23.17580448246185,0.3529391286827485,2,2,13,0.0032894736842105,0.0032894736842105,0.0213815789473684,3,0.0049342105263157,1.0,11.622956072147565,0
20,2019-06-17 09:48:57,2019-06-17 14:37:13,22.569058,113.895052,0 days 04:48:16,0,0,22.56868187804879,113.8951422764228,5.963302288589021,3.834610144658453,14.130819776961626,0.3427066030049452,0,0,4,0.0,0.0,0.0240963855421686,0,0.0,0.3333333333333333,5.249572819878095,0
20,2019-06-17 16:34:47,2019-06-17 20:11:06,22.569038,113.8949,0 days 03:36:19,0,0,22.56868187804879,113.8951422764228,5.124044442154223,3.3161580402650803,13.669169623694415,0.4231460947604921,0,0,2,0.0,0.0,0.0219780219780219,0,0.0,0.0,7.583229642389158,0
20,2019-06-19 14:36:41,2019-06-19 15:09:07,22.568432,114.03621,0 days 00:32:26,2,-1,22.568432,114.03621,7.334532857031013,4.598851672238301,18.53599882467181,0.4170724756425437,0,1,6,0.0,0.0080645161290322,0.0483870967741935,0,0.0,0.25,5.590039995675614,0
20,2019-06-19 17:47:05,2019-06-20 09:22:28,22.61972,113.85441000000002,0 days 15:35:23,3,5,22.6197155,113.85443625,11.47825959638528,4.583029155224546,17.8432232154437,0.2232042140778241,0,0,1,0.0,0.0,0.0075757575757575,0,0.0,0.6666666666666666,8.518463614033587,0
20,2019-06-22 18:29:44,2019-06-24 09:33:27,22.570937,113.864103,1 days 15:03:43,0,1,22.57086720000001,113.8639100727273,6.890344104132936,4.868954978464459,20.559210326582644,0.3442283471738223,0,1,17,0.0,0.001031991744066,0.0175438596491228,0,0.0,0.0,3.9749109329717056,0
20,2019-06-24 09:50:01,2019-06-24 19:24:17,22.568927,113.89502,0 days 09:34:16,0,0,22.56868187804879,113.8951422764228,6.754883156969497,4.73568651379086,16.991017355921223,0.4290750195430273,0,1,6,0.0,0.0071428571428571,0.0428571428571428,0,0.0,0.0,1.8270137170403689,0
20,2019-06-25 09:46:56,2019-06-25 16:20:51,22.569117,113.895212,0 days 06:33:55,1,0,22.56868187804879,113.8951422764228,5.697865293221514,4.040808803626502,13.993100437358567,0.3724721202581774,0,0,4,0.0,0.0,0.0236686390532544,0,0.0,0.3333333333333333,4.397439221578988,0
20,2019-06-25 16:37:41,2019-06-25 19:04:52,22.574837,113.868423,0 days 02:27:11,1,-1,22.574837,113.868423,6.291802509698388,4.922355518274603,18.641934892315945,0.3943357322066048,0,0,5,0.0,0.0,0.03125,0,0.0,0.0,4.739810943298234,0
20,2019-06-26 12:07:11,2019-06-26 13:23:56,22.570947,113.86393,0 days 01:16:45,2,1,22.57086720000001,113.8639100727273,9.199703708196155,5.660353898690977,23.41145961398915,0.4343194918571236,0,0,9,0.0,0.0,0.0260115606936416,2,0.0057803468208092,0.6666666666666666,9.340690939306144,0
20,2019-06-28 09:46:35,2019-06-28 17:48:24,22.569058,113.89503,0 days 08:01:49,4,0,22.56868187804879,113.8951422764228,6.870887498387887,4.778926772881427,19.349498153585763,0.4415692834487074,1,1,8,0.0048780487804878,0.0048780487804878,0.0390243902439024,0,0.0,0.5,7.248568532819029,0
20,2019-07-03 18:39:29,2019-07-04 09:40:36,22.569103,113.884182,0 days 15:01:07,3,8,22.569715666666667,113.88403566666666,3.795075297264314,2.923355202061724,12.86191504985552,0.3517098632350308,0,0,1,0.0,0.0,0.009090909090909,0,0.0,0.0,5.216779549904993,0
20,2019-07-04 09:57:59,2019-07-04 17:15:51,22.56886,113.895122,0 days 07:17:52,3,0,22.56868187804879,113.8951422764228,7.006766615117323,4.565666692982527,17.69213522817777,0.4116020988460929,1,0,6,0.0076335877862595,0.0,0.0458015267175572,0,0.0,0.3333333333333333,7.215140404971861,0
20,2019-07-05 09:56:09,2019-07-09 08:19:01,22.568905,113.895017,3 days 22:22:52,1,0,22.56868187804879,113.8951422764228,7.044459544335237,4.489788849543843,15.80462998797794,0.4374739742443013,0,0,3,0.0,0.0,0.0225563909774436,0,0.0,0.0,5.297885039403717,0
20,2019-07-10 08:25:21,2019-07-11 08:15:20,22.568932,113.89503,0 days 23:49:59,3,0,22.56868187804879,113.8951422764228,5.211006676624345,3.1519332158046183,16.438924180861516,0.3319359901037905,0,0,7,0.0,0.0,0.0319634703196347,0,0.0,0.4,7.470104990627706,0
20,2019-07-11 08:36:48,2019-07-11 09:14:07,22.584057,113.876642,0 days 00:37:19,3,-1,22.584057,113.876642,5.350548040825348,3.824114783112582,14.119524981942764,0.3789800462262517,0,1,5,0.0,0.0059523809523809,0.0297619047619047,0,0.0,0.125,3.954320407710937,0
20,2019-07-11 09:31:37,2019-07-11 14:47:32,22.570835,113.863827,0 days 05:15:55,3,1,22.57086720000001,113.8639100727273,5.6383533617792665,3.912439816379613,15.097557516649475,0.3162634001067321,0,0,2,0.0,0.0,0.0135135135135135,0,0.0,0.0,5.614884266964144,0
20,2019-07-11 14:58:13,2019-07-15 08:39:28,22.5681,113.864142,3 days 17:41:15,0,-1,22.5681,113.864142,5.145684608104406,4.231476660625803,13.78026642798064,0.4720733689419216,0,0,2,0.0,0.0,0.0425531914893617,0,0.0,0.5,8.725866567294537,0
20,2019-07-15 17:05:49,2019-07-15 17:45:25,22.566758,113.89576,0 days 00:39:36,0,0,22.56868187804879,113.8951422764228,8.860470659456249,5.193714716452317,17.635578273154966,0.3421081742227015,0,1,9,0.0,0.0061728395061728,0.0555555555555555,0,0.0,0.0,3.4709949430231752,0
20,2019-07-15 17:55:11,2019-07-15 19:59:59,22.559765,113.894332,0 days 02:04:48,0,3,22.559743,113.89426175,4.950353932140672,3.5254277487408383,10.455553953477976,0.3912748578539132,0,0,2,0.0,0.0,0.032258064516129,0,0.0,0.0,7.097377681143172,0
20,2019-07-15 20:27:02,2019-07-16 09:38:57,22.567505,113.855658,0 days 13:11:55,1,11,22.56727855555556,113.85592366666668,5.118862249663757,3.9251853697132697,13.255198628187646,0.3830172752997459,0,0,8,0.0,0.0,0.0390243902439024,0,0.0,0.125,4.823544738426428,0
20,2019-07-17 09:44:28,2019-07-18 09:42:39,22.569003,113.895063,0 days 23:58:11,3,0,22.56868187804879,113.8951422764228,6.773708086908607,4.5984929540517046,16.58223055331937,0.4045715212844006,0,1,7,0.0,0.0070921985815602,0.0496453900709219,0,0.0,0.6666666666666666,9.710523767935555,0
20,2019-07-19 08:01:47,2019-07-20 09:36:52,22.595582,113.846357,1 days 01:35:05,5,-1,22.595582,113.846357,10.820121942799696,6.479218736615942,20.862254026281185,0.6440962470052856,0,1,4,0.0,0.0169491525423728,0.0677966101694915,0,0.0,0.0,0.0,0
20,2019-07-23 14:13:11,2019-07-24 06:53:32,22.56904,113.894982,0 days 16:40:21,2,0,22.56868187804879,113.8951422764228,9.147614274309705,5.550425232211645,18.70305403082273,0.3106154974690998,0,0,3,0.0,0.0,0.0157068062827225,0,0.0,0.0,3.98894713827486,0
20,2019-07-24 07:01:04,2019-07-28 07:04:33,22.568153,113.879037,4 days 00:03:29,6,-1,22.568153,113.879037,7.529340764661433,4.1033049314061785,13.836957879496092,0.5187018169522388,0,0,0,0.0,0.0,0.0,0,0.0,1.0,10.739006441257311,0
20,2019-07-28 08:39:37,2019-07-28 15:01:31,22.665237,114.412595,0 days 06:21:54,6,-1,22.665237,114.412595,16.341167561636652,7.970423058262117,29.93993687410376,0.3704605774407534,1,3,10,0.0011627906976744,0.0034883720930232,0.0116279069767441,264,0.3069767441860465,0.3333333333333333,7.21134903068209,0
20,2019-07-30 10:00:39,2019-07-31 14:21:59,22.568987,113.895073,1 days 04:21:20,2,0,22.56868187804879,113.8951422764228,7.151577966443609,4.61792405910107,19.50620868061488,0.4270903199752378,0,0,2,0.0,0.0,0.0148148148148148,0,0.0,1.0,12.40266558176192,0
20,2019-07-31 15:15:15,2019-08-02 08:53:23,22.545518,114.080438,1 days 17:38:08,4,-1,22.545518,114.080438,11.23520669360484,6.97045292252627,24.16021026724817,0.2588048255827064,0,0,3,0.0,0.0,0.0050590219224283,20,0.0337268128161888,0.0,3.7626537481301217,0
20,2019-08-02 08:59:59,2019-08-02 09:42:57,22.566993,113.856195,0 days 00:42:58,4,11,22.56727855555556,113.85592366666668,5.498207932138976,3.4660998691675444,12.432044803437629,0.4743499118201466,0,0,0,0.0,0.0,0.0,0,0.0,0.0,3.9477380922284175,0
20,2019-08-02 13:27:00,2019-08-03 16:17:43,22.702508,114.034727,1 days 02:50:43,5,-1,22.702508,114.034727,15.141047863882031,8.903650428893505,28.89783622212015,0.4381060750868273,1,2,11,0.0027397260273972,0.0054794520547945,0.0301369863013698,119,0.3260273972602739,0.4285714285714285,6.337366724234856,0
20,2019-08-03 16:46:45,2019-08-03 17:42:53,22.637367,114.054953,0 days 00:56:08,5,-1,22.637367,114.054953,6.41842899236781,5.169724957303284,19.508103183471835,0.328434200787834,0,0,12,0.0,0.0,0.0579710144927536,0,0.0,0.6666666666666666,7.612108298342044,0
20,2019-08-03 18:37:46,2019-08-03 19:39:40,22.542367,114.094932,0 days 01:01:54,5,-1,22.542367,114.094932,8.488185645001117,5.81066225776325,22.66206529087752,0.3162298743249944,0,0,8,0.0,0.0,0.0156862745098039,1,0.0019607843137254,0.5,8.444410608589642,0
20,2019-08-05 08:36:40,2019-08-08 10:29:58,22.56683,113.895677,3 days 01:53:18,3,0,22.56868187804879,113.8951422764228,6.706290559257285,4.286554361275752,19.29029763335505,0.4359316452880408,0,0,3,0.0,0.0,0.0201342281879194,0,0.0,0.0,5.775154454533656,0
20,2019-08-08 18:11:36,2019-08-09 08:25:04,22.571063,113.859377,0 days 14:13:28,4,-1,22.571063,113.859377,4.079846104568444,3.741414473191164,14.922436733498843,0.3637189641874676,1,1,2,0.0076335877862595,0.0076335877862595,0.015267175572519,0,0.0,1.0,14.58679936483953,0
20,2019-08-09 08:44:56,2019-08-09 16:43:32,22.568772,113.895188,0 days 07:58:36,4,0,22.56868187804879,113.8951422764228,7.998031700858617,5.0905202703981685,20.40781039931007,0.5180189886390246,0,1,3,0.0,0.0081967213114754,0.0245901639344262,0,0.0,0.5,9.016491608899502,0
20,2019-08-09 16:52:55,2019-08-09 17:15:21,22.567337,113.886677,0 days 00:22:26,4,-1,22.567337,113.886677,4.679618267733072,3.788523826296184,13.590483833283582,0.4137662109909556,0,0,1,0.0,0.0,0.0142857142857142,0,0.0,0.3333333333333333,4.609052677661424,0
20,2019-08-09 19:51:38,2019-08-10 09:28:36,22.566847,113.856447,0 days 13:36:58,5,11,22.56727855555556,113.85592366666668,6.405016602114454,4.801487582388669,17.770566656760046,0.3802665938815454,0,0,8,0.0,0.0,0.0291970802919708,0,0.0,0.0,3.5798770097169155,0
20,2019-08-16 08:53:08,2019-08-16 09:25:53,22.644803,113.855493,0 days 00:32:45,4,2,22.64446116666667,113.85613316666668,5.820721263128236,4.730989382964415,16.502937847250326,0.3582012395440991,0,0,17,0.0,0.0,0.0572390572390572,0,0.0,0.0,1.6930407046049074,0
20,2019-08-16 18:01:52,2019-08-19 07:34:06,22.57344,113.876868,2 days 13:32:14,0,-1,22.57344,113.876868,6.590479324379824,3.844823762070784,14.337769467386485,0.3270038838390589,0,0,3,0.0,0.0,0.03,0,0.0,0.0,5.5460251682641655,0
20,2019-08-20 09:45:15,2019-08-21 09:25:23,22.569058,113.895085,0 days 23:40:08,2,0,22.56868187804879,113.8951422764228,6.83972921186124,4.459279717475497,18.23738621684632,0.4517175243048797,0,0,2,0.0,0.0,0.0142857142857142,0,0.0,0.0,3.4066969853415614,0
20,2019-08-21 14:35:39,2019-08-21 15:46:26,22.564792,113.903272,0 days 01:10:47,2,7,22.56458275,113.9028205,9.803631938057991,5.943708529555177,24.611264840580127,0.2508136787475676,0,0,2,0.0,0.0,0.0048076923076923,19,0.0456730769230769,0.6666666666666666,12.291847353945965,0
20,2019-08-28 16:52:04,2019-08-29 07:49:50,22.57084200000001,113.864155,0 days 14:57:46,3,1,22.57086720000001,113.8639100727273,2.818329094709722,2.3801658342875847,8.537732745735147,0.3118180909962543,0,0,2,0.0,0.0,0.064516129032258,0,0.0,0.0,5.664382221503001,0
20,2019-08-29 08:13:27,2019-08-29 12:21:07,22.564465,113.910215,0 days 04:07:40,3,-1,22.564465,113.910215,6.841280186485842,4.208701669771448,16.40772313517096,0.4055228129196167,0,1,5,0.0,0.0048780487804878,0.024390243902439,0,0.0,0.0,3.885241754754,0
20,2019-08-29 12:33:44,2019-08-29 14:03:31,22.565323,113.903562,0 days 01:29:47,3,7,22.56458275,113.9028205,4.1920626290663145,3.025762358278326,11.536020361655282,0.3133525713143292,0,0,3,0.0,0.0,0.0297029702970297,0,0.0,0.0,3.830278993145375,0
20,2019-08-29 14:22:25,2019-09-02 12:51:54,22.564517,113.908992,3 days 22:29:29,0,-1,22.564517,113.908992,5.349687504253394,4.270421442760858,14.54541865881136,0.3525653250951399,0,0,1,0.0,0.0,0.0101010101010101,0,0.0,0.0,3.712449703343967,0
20,2019-09-02 13:18:28,2019-09-02 14:40:23,22.643423,113.85546200000002,0 days 01:21:55,0,2,22.64446116666667,113.85613316666668,9.414410406480018,5.290507328794785,18.54357896011503,0.424897672352134,0,0,15,0.0,0.0,0.0649350649350649,0,0.0,0.0,5.74798877036633,0
20,2019-09-02 15:47:21,2019-09-02 17:59:38,22.544455,113.910767,0 days 02:12:17,0,-1,22.544455,113.910767,7.552975306052901,4.90627703048914,21.24359092877032,0.3473819260554724,0,0,6,0.0,0.0,0.0125786163522012,0,0.0,0.2222222222222222,4.535601631953198,0
20,2019-09-07 10:36:08,2019-09-09 08:27:52,22.566573,113.89572,1 days 21:51:44,0,0,22.56868187804879,113.8951422764228,6.529189684680149,4.023281904553543,18.308845599891832,0.4354209849791721,0,1,3,0.0,0.0064516129032258,0.0193548387096774,0,0.0,0.0,4.571460523431782,0
20,2019-09-09 08:58:25,2019-09-09 09:31:09,22.590002,113.870833,0 days 00:32:44,0,-1,22.590002,113.870833,3.3563834762521934,2.8482092011312354,12.575700205477766,0.2685478373349671,1,0,4,0.0036764705882352,0.0,0.0147058823529411,0,0.0,0.0,2.693646983330149,0
20,2019-09-09 09:53:16,2019-09-10 19:26:37,22.570713,113.86372,1 days 09:33:21,1,1,22.57086720000001,113.8639100727273,6.272205225984278,4.728272319825368,15.433721112811586,0.3476574870002185,0,0,2,0.0,0.0,0.0130718954248366,0,0.0,0.0,1.7312254061254269,0
20,2019-09-10 19:57:44,2019-09-12 08:38:36,22.57748,113.937548,1 days 12:40:52,3,-1,22.57748,113.937548,8.74904946642973,5.358742514185591,21.519032464825205,0.3553576055903026,0,1,16,0.0,0.0033222591362126,0.0531561461794019,0,0.0,0.0,0.0,0
20,2019-09-12 08:47:07,2019-09-12 11:46:42,22.56714,113.871195,0 days 02:59:35,3,-1,22.56714,113.871195,5.062298248271524,3.7123782170952735,11.63266441527176,0.3307946379116255,0,0,2,0.0,0.0,0.0416666666666666,0,0.0,0.0,0.0,0
20,2019-09-12 12:59:51,2019-09-13 07:56:49,22.569085,113.894925,0 days 18:56:58,4,0,22.56868187804879,113.8951422764228,3.8633041306697486,2.6374618463109094,8.459946434467922,0.2457887205024335,0,0,0,0.0,0.0,0.0,0,0.0,0.0,1.7528087614938672,0
20,2019-09-13 09:09:14,2019-09-14 08:22:31,22.601442,114.295652,0 days 23:13:17,5,-1,22.601442,114.295652,13.825982268371872,6.232080840082023,23.67021487083053,0.2880167152023716,0,0,2,0.0,0.0,0.0029940119760479,11,0.0164670658682634,1.0,11.163740533590763,0
20,2019-09-14 09:00:22,2019-09-14 16:28:07,22.564613,113.849648,0 days 07:27:45,5,-1,22.564613,113.849648,10.06280702493473,6.484015014531716,20.94218045113895,0.4984099739874243,0,1,5,0.0,0.0044052863436123,0.0220264317180616,0,0.0,0.1333333333333333,3.311155352536843,0
20,2019-09-14 16:37:13,2019-09-21 09:39:18,22.568943,113.869495,6 days 17:02:05,5,9,22.5690272,113.8691344,6.219427484259262,3.850653634936189,13.535679290498308,0.2985940934886095,0,0,2,0.0,0.0,0.0222222222222222,0,0.0,0.0,5.494919183050301,0
20,2019-09-21 13:00:26,2019-09-21 14:53:57,22.570803,113.86387,0 days 01:53:31,5,1,22.57086720000001,113.8639100727273,12.60931693640302,7.898254133918818,27.805724311650422,0.517805267507696,0,1,3,0.0,0.0049751243781094,0.0149253731343283,36,0.1791044776119403,0.2,4.243532362263024,0
20,2019-09-21 15:18:51,2019-09-21 17:26:58,22.568865,113.895157,0 days 02:08:07,5,0,22.56868187804879,113.8951422764228,5.607461326908263,3.4021193391385878,12.761429350878592,0.3852022259549687,0,0,4,0.0,0.0,0.0238095238095238,0,0.0,0.5,8.570445183210923,0
20,2019-09-21 18:08:01,2019-09-22 09:29:27,22.536827,113.917042,0 days 15:21:26,6,-1,22.536827,113.917042,6.503733272304259,5.45977742537717,20.836030756796525,0.3695432954566931,0,1,4,0.0,0.0033112582781456,0.0132450331125827,0,0.0,0.1666666666666666,4.1342141115130415,0
20,2019-09-23 08:41:47,2019-09-24 08:20:29,22.568803,113.895178,0 days 23:38:42,1,0,22.56868187804879,113.8951422764228,7.047578972468493,4.611131887074066,17.7209904488138,0.415155800156732,0,0,3,0.0,0.0,0.0223880597014925,0,0.0,0.0,2.870666937570022,0
20,2019-09-24 08:40:30,2019-09-24 17:45:19,22.56891,113.895157,0 days 09:04:49,1,0,22.56868187804879,113.8951422764228,7.05993459734028,4.981250433194697,20.717874360004533,0.4718615193659446,1,1,4,0.0076335877862595,0.0076335877862595,0.0305343511450381,0,0.0,0.3333333333333333,5.497478403261199,0
20,2019-09-24 17:53:51,2019-09-25 08:16:17,22.562995,113.902018,0 days 14:22:26,2,7,22.56458275,113.9028205,3.431779271296612,2.5443033021823087,11.36173958659634,0.2756971340624326,0,0,1,0.0,0.0,0.0112359550561797,0,0.0,0.0,1.0532054786121148,0
20,2019-09-25 08:38:21,2019-09-25 17:04:51,22.568765,113.895178,0 days 08:26:30,2,0,22.56868187804879,113.8951422764228,6.131036842125946,4.993915420100605,26.245379213813795,0.5917929658816267,1,1,4,0.0062111801242236,0.0062111801242236,0.0248447204968944,1,0.0062111801242236,0.25,4.069648333474451,0
20,2019-09-28 14:04:16,2019-09-28 17:53:41,22.623637,114.028803,0 days 03:49:25,5,-1,22.623637,114.028803,9.9146421104696,5.1731637744074455,18.345600385330822,0.4324479614449352,0,3,8,0.0,0.0131004366812227,0.0349344978165938,0,0.0,0.8,10.439754421066178,0
20,2019-09-30 09:53:06,2019-09-30 17:53:05,22.569022,113.894945,0 days 07:59:59,0,0,22.56868187804879,113.8951422764228,7.795040886415833,4.595036830797854,21.027074371742707,0.4713376643830635,1,0,1,0.008695652173913,0.0,0.008695652173913,0,0.0,0.0,7.646065078317584,0
20,2019-09-30 18:00:20,2019-10-02 07:35:22,22.566657,113.895657,1 days 13:35:02,2,0,22.56868187804879,113.8951422764228,2.4118047264510007,2.029597160535627,7.41877013485306,0.2814618080133044,0,0,3,0.0,0.0,0.0625,0,0.0,0.0,1.1337259163977755,0
20,2019-10-02 08:31:43,2019-10-02 10:25:29,22.67569,114.21984,0 days 01:53:46,2,-1,22.67569,114.21984,16.895647037566608,7.240250256168228,28.373291115982617,0.2927270476678472,0,0,19,0.0,0.0,0.0323679727427597,147,0.2504258943781942,1.0,13.819846059856893,0
20,2019-10-02 10:39:20,2019-10-02 15:43:38,22.64485,114.233495,0 days 05:04:18,2,-1,22.64485,114.233495,11.038334088111045,6.611517684696688,21.813141205833105,0.5314557266234453,0,0,3,0.0,0.0,0.0288461538461538,0,0.0,0.0,0.0,0
20,2019-10-03 15:01:52,2019-10-05 08:51:18,22.56848,113.869422,1 days 17:49:26,5,9,22.5690272,113.8691344,15.915151811081264,7.985407031735796,29.968497099113204,0.4039764020989745,0,3,10,0.0,0.0064516129032258,0.021505376344086,112,0.2408602150537634,0.25,6.51243744152263,0
20,2019-10-05 12:42:49,2019-10-08 08:54:40,22.570932,113.863882,2 days 20:11:51,1,1,22.57086720000001,113.8639100727273,9.26078472238279,5.760108498061829,20.62857789897945,0.496870940991604,0,0,3,0.0,0.0,0.0275229357798165,0,0.0,1.0,12.59625696359004,0
20,2019-10-08 09:11:56,2019-10-09 08:32:02,22.569112,113.894952,0 days 23:20:06,2,0,22.56868187804879,113.8951422764228,6.737593993384231,4.108686435019562,17.46948491524493,0.3908953742651231,0,0,5,0.0,0.0,0.0349650349650349,0,0.0,0.0,5.566282899079456,0
20,2019-10-09 08:49:41,2019-10-10 08:27:52,22.568803,113.895153,0 days 23:38:11,3,0,22.56868187804879,113.8951422764228,6.357178308824958,4.655948592125787,19.674151981778223,0.4661663367736328,1,1,3,0.0067114093959731,0.0067114093959731,0.0201342281879194,0,0.0,0.0,5.435751270619559,0
20,2019-10-10 08:47:24,2019-10-10 19:57:43,22.568872,113.895025,0 days 11:10:19,3,0,22.56868187804879,113.8951422764228,6.4789911114550005,4.6696707561484825,20.54701507576354,0.4090213130981693,0,0,3,0.0,0.0,0.0208333333333333,0,0.0,0.0,4.916399465972621,0
20,2019-10-11 19:55:00,2019-10-13 12:27:02,22.643968,113.855217,1 days 16:32:02,6,2,22.64446116666667,113.85613316666668,6.652725500640456,4.768107917101475,14.7596963543704,0.4694304236846657,0,1,9,0.0,0.0084745762711864,0.0762711864406779,0,0.0,0.0,2.447590131696285,0
20,2019-10-13 12:42:24,2019-10-14 10:46:09,22.625593,113.857765,0 days 22:03:45,0,-1,22.625593,113.857765,10.20661594841383,5.09696916219804,17.288156973321726,0.4228412616644643,1,0,5,0.0070422535211267,0.0,0.0352112676056338,0,0.0,0.0,0.0,0
20,2019-10-14 12:37:20,2019-10-15 10:42:36,22.568952,113.895045,0 days 22:05:16,1,0,22.56868187804879,113.8951422764228,9.055080539785664,5.372107920771981,22.10585360025981,0.4668157620132377,0,0,3,0.0,0.0,0.0238095238095238,0,0.0,0.5,8.247354483964543,0
20,2019-10-15 11:05:55,2019-10-15 11:58:27,22.644567,113.855085,0 days 00:52:32,1,2,22.64446116666667,113.85613316666668,10.484660158502024,4.780117149112189,18.002827528289,0.4058997488653539,1,0,7,0.0049019607843137,0.0,0.034313725490196,0,0.0,0.6666666666666666,8.925572641437169,0
20,2019-10-15 12:20:07,2019-10-16 09:31:57,22.566802,113.895705,0 days 21:11:50,2,0,22.56868187804879,113.8951422764228,9.63103187485989,5.467174725400085,20.23757207238195,0.3114348379819055,0,0,3,0.0,0.0,0.0118577075098814,0,0.0,0.2,7.605474304387516,0
20,2019-10-16 09:47:58,2019-10-17 08:50:10,22.569008,113.895055,0 days 23:02:12,3,0,22.56868187804879,113.8951422764228,7.478105712006798,5.07027653690863,21.547005939982007,0.4394818038178572,0,0,3,0.0,0.0,0.024,0,0.0,0.0,5.017321095382409,0
20,2019-10-17 11:58:40,2019-10-18 05:38:14,22.570877,113.86388,0 days 17:39:34,4,1,22.57086720000001,113.8639100727273,9.0883922052339,5.865705150331287,22.80562822736587,0.4185106803343782,1,2,11,0.0039525691699604,0.0079051383399209,0.0434782608695652,2,0.0079051383399209,0.0,3.2598259044759423,0
20,2019-10-20 00:38:19,2019-10-20 06:46:15,22.570915,113.863977,0 days 06:07:56,6,1,22.57086720000001,113.8639100727273,7.129086379125747,4.346520231663586,16.65421647424908,0.6388068515591881,1,0,4,0.0112359550561797,0.0,0.0449438202247191,0,0.0,0.0,2.851416212027748,0
20,2019-10-21 10:53:48,2019-10-22 08:54:19,22.56881,113.895218,0 days 22:00:31,1,0,22.56868187804879,113.8951422764228,8.283411816713114,4.639469953502954,18.92221374725689,0.4731737972944449,0,1,3,0.0,0.009090909090909,0.0272727272727272,0,0.0,0.0,6.711919053119422,0
20,2019-10-24 11:14:07,2019-10-25 09:51:58,22.568473,113.895328,0 days 22:37:51,4,0,22.56868187804879,113.8951422764228,7.242175051737853,4.528595974632608,18.349253459656307,0.497350361286878,1,2,5,0.0079365079365079,0.0158730158730158,0.0396825396825396,0,0.0,0.2,3.745400538433532,0
20,2019-10-25 09:59:03,2019-10-27 06:00:06,22.570837,113.846232,1 days 20:01:03,6,-1,22.570837,113.846232,8.281346210834277,5.31527589106958,16.65875200056712,0.6433861027082423,0,1,0,0.0,0.0238095238095238,0.0,0,0.0,0.0,0.0,0
20,2019-10-27 06:13:57,2019-10-30 13:43:19,22.575128,113.844578,3 days 07:29:22,2,12,22.574888666666663,113.84426766666668,6.544594551794694,4.557830292676966,14.040246967289832,0.5447157604631137,2,0,2,0.0294117647058823,0.0,0.0294117647058823,0,0.0,1.0,10.977348912720188,0
20,2019-11-03 13:50:51,2019-11-04 09:44:29,22.570912,113.863943,0 days 19:53:38,0,1,22.57086720000001,113.8639100727273,8.676062695708197,5.260179523030329,20.41536148741199,0.4709689991597904,0,0,2,0.0,0.0,0.0085470085470085,0,0.0,0.4,7.219080556431192,0
20,2019-11-05 09:56:22,2019-11-06 08:21:08,22.568885,113.894982,0 days 22:24:46,2,0,22.56868187804879,113.8951422764228,6.717617637843917,4.777621754911695,17.936078550836122,0.4371375279052993,0,0,4,0.0,0.0,0.0279720279720279,0,0.0,1.0,12.228259375747658,0
20,2019-11-06 12:27:21,2019-11-06 12:48:08,22.516825,113.929875,0 days 00:20:47,2,-1,22.516825,113.929875,13.112634683350016,7.512458348589171,24.19185734925533,0.3017161054060849,0,1,2,0.0,0.0034722222222222,0.0069444444444444,24,0.0833333333333333,0.5,9.471804132558194,0
20,2019-11-11 08:58:15,2019-11-12 10:04:28,22.568782,113.895223,1 days 01:06:13,1,0,22.56868187804879,113.8951422764228,6.175821502812952,4.636534067807673,18.34467541177853,0.4167747344801389,0,0,8,0.0,0.0,0.0519480519480519,0,0.0,0.0,6.967179727512582,0
20,2019-11-15 19:49:01,2019-11-18 09:42:29,22.568007,113.85509,2 days 13:53:28,0,11,22.56727855555556,113.85592366666668,5.244741620324091,4.025014331019775,12.553969301289117,0.4039824747834303,0,0,6,0.0,0.0,0.0405405405405405,0,0.0,0.5,5.428624081498,0
20,2019-11-18 12:45:30,2019-11-18 13:26:48,22.490725,113.92508,0 days 00:41:18,0,-1,22.490725,113.92508,4.13653517687687,2.3325351127491984,8.795827786926797,0.2778426741569147,0,0,1,0.0,0.0,0.0126582278481012,0,0.0,0.0,4.032232481909021,0
20,2019-11-18 16:29:07,2019-11-20 09:32:08,22.564663,113.902988,1 days 17:03:01,2,7,22.56458275,113.9028205,3.678270681075625,2.3380379903714976,9.204456790514191,0.2434848621125557,0,0,1,0.0,0.0,0.0133333333333333,0,0.0,0.0,4.738627970074779,0
20,2019-11-22 10:12:32,2019-11-22 11:53:05,22.531292,113.909058,0 days 01:40:33,4,4,22.531472,113.90933166666667,7.525719187152083,5.093081058808732,18.66418517209188,0.3363065437056338,0,0,0,0.0,0.0,0.0,0,0.0,0.0,4.456836035298187,0
20,2019-11-22 12:16:00,2019-11-22 13:09:22,22.619705,113.854437,0 days 00:53:22,4,5,22.6197155,113.85443625,10.800885201811044,5.950008945118633,19.004685703755527,0.2233221107926482,0,0,14,0.0,0.0,0.0571428571428571,0,0.0,0.0,0.0,0
20,2019-11-22 13:24:56,2019-11-23 12:44:49,22.640422,113.856603,0 days 23:19:53,5,-1,22.640422,113.856603,5.141276854146857,4.420445413463623,15.57689201013646,0.3803351365502376,1,0,10,0.0071942446043165,0.0,0.0719424460431654,0,0.0,0.2222222222222222,3.167430163592724,0
